{
  "id": "plan_hist_1767223511780",
  "user_email": "ksagedeveloper@gmail.com",
  "plan_link_id": "IOq9jpNgYn8HfS-UAwOsFd_1D6f63HQI5Vyz2dvTjo0",
  "lake_name": "Lake Guntersville",
  "generation_date": "2025-12-31T23:25:11.780649+00:00",
  "plan_type": "member",
  "conditions": {
    "temp_low": 32.63,
    "temp_high": 56.3,
    "sky_condition": "partly cloudy",
    "wind_speed": 5.44
  },
  "is_deleted": false,
  "created_at": "2025-12-31T23:25:11.780661+00:00",
  "expires_at": "2026-01-30T23:25:11.780665+00:00"
}