{
  "id": "plan_hist_1767218517206",
  "user_email": "ksagedeveloper@gmail.com",
  "plan_link_id": "rjo4JpZ7weplwRZprPJEO_smsrjIYBMpnXvWRNfqZYQ",
  "lake_name": "Upper Alexander Lake",
  "generation_date": "2025-12-31T22:01:57.207008+00:00",
  "plan_type": "member",
  "conditions": {
    "temp_low": 37.65,
    "temp_high": 58.15,
    "sky_condition": "partly cloudy",
    "wind_speed": 8.59
  },
  "is_deleted": false,
  "created_at": "2025-12-31T22:01:57.207020+00:00",
  "expires_at": "2026-01-30T22:01:57.207023+00:00"
}